{"count":1,"self":561.4429696,"total":1733.2086559,"children":{"InitializeActuators":{"count":6,"self":0.0019906999999999998,"total":0.0019906999999999998,"children":null},"InitializeSensors":{"count":6,"self":0.0009968,"total":0.0009968,"children":null},"AgentSendState":{"count":503934,"self":5.519454,"total":176.870398,"children":{"CollectObservations":{"count":604722,"self":16.453808,"total":16.4538072,"children":null},"WriteActionMask":{"count":604722,"self":0.7301863,"total":0.7301863,"children":null},"RequestDecision":{"count":604722,"self":2.8983732,"total":154.16695049999998,"children":{"AgentInfo.ToProto":{"count":604722,"self":3.1196796,"total":151.2685773,"children":{"GenerateSensorData":{"count":604722,"self":148.1489024,"total":148.1488976,"children":null}}}}}}},"DecideAction":{"count":503934,"self":908.62315519999993,"total":908.6231525,"children":null},"AgentAct":{"count":503934,"self":85.4986624,"total":86.268165599999989,"children":{"AgentInfo.ToProto":{"count":3018,"self":0.0109961,"total":0.769501,"children":{"GenerateSensorData":{"count":3018,"self":0.75850489999999993,"total":0.75850489999999993,"children":null}}}}}},"gauges":{"walker-agent.CumulativeReward":{"count":3018,"max":1905.13147,"min":371.916718,"runningAverage":860.3494,"value":1755.90466,"weightedAverage":1482.543}},"metadata":{"timer_format_version":"0.1.0","start_time_seconds":"1724334933","unity_version":"2022.3.1f1","command_line_arguments":"D:\\Program Files\\Unity\\2022.3.1f1\\Editor\\Unity.exe -projectpath D:\\ml-agents -useHub -hubIPC -cloudEnvironment production","communication_protocol_version":"1.5.0","com.unity.ml-agents_version":"3.0.0-exp.1","scene_name":"SampleScene","end_time_seconds":"1724336667"}}